"ball","team","batsman","bowler","nonStriker","byes","legbyes","noballs","wides","nonBoundary","penalty","runs","extras","totalRuns","wicketFielder","wicketKind","wicketPlayerOut","replacementIn","replacementOut","replacementReason","replacementTeam","date","matchType","overs","venue","team1","team2","winner","result","gender"
"1st.0.1","Kolkata Knight Riders","AM Rahane","TA Boult","FH Allen",0,0,0,1,0,0,0,1,1,"nobody","not-out","nobody","0","0","0","0",2026-03-29,"T20",20,"Wankhede Stadium, Mumbai","Kolkata Knight Riders","Mumbai Indians","Mumbai Indians","NA","male"
"1st.0.2","Kolkata Knight Riders","AM Rahane","TA Boult","FH Allen",0,0,0,0,0,0,0,0,0,"nobody","not-out","nobody","0","0","0","0",2026-03-29,"T20",20,"Wankhede Stadium, Mumbai","Kolkata Knight Riders","Mumbai Indians","Mumbai Indians","NA","male"
"1st.0.3","Kolkata Knight Riders","AM Rahane","TA Boult","FH Allen",0,0,0,0,0,0,0,0,0,"nobody","not-out","nobody","0","0","0","0",2026-03-29,"T20",20,"Wankhede Stadium, Mumbai","Kolkata Knight Riders","Mumbai Indians","Mumbai Indians","NA","male"
"1st.0.4","Kolkata Knight Riders","AM Rahane","TA Boult","FH Allen",0,0,0,1,0,0,0,1,1,"nobody","not-out","nobody","0","0","0","0",2026-03-29,"T20",20,"Wankhede Stadium, Mumbai","Kolkata Knight Riders","Mumbai Indians","Mumbai Indians","NA","male"
"1st.0.5","Kolkata Knight Riders","AM Rahane","TA Boult","FH Allen",0,0,0,0,0,0,6,0,6,"nobody","not-out","nobody","0","0","0","0",2026-03-29,"T20",20,"Wankhede Stadium, Mumbai","Kolkata Knight Riders","Mumbai Indians","Mumbai Indians","NA","male"
"1st.0.6","Kolkata Knight Riders","AM Rahane","TA Boult","FH Allen",0,0,0,0,0,0,0,0,0,"nobody","not-out","nobody","0","0","0","0",2026-03-29,"T20",20,"Wankhede Stadium, Mumbai","Kolkata Knight Riders","Mumbai Indians","Mumbai Indians","NA","male"
"1st.0.7","Kolkata Knight Riders","AM Rahane","TA Boult","FH Allen",0,0,0,0,0,0,2,0,2,"nobody","not-out","nobody","0","0","0","0",2026-03-29,"T20",20,"Wankhede Stadium, Mumbai","Kolkata Knight Riders","Mumbai Indians","Mumbai Indians","NA","male"
"1st.0.8","Kolkata Knight Riders","AM Rahane","TA Boult","FH Allen",0,0,0,0,0,0,0,0,0,"nobody","not-out","nobody","0","0","0","0",2026-03-29,"T20",20,"Wankhede Stadium, Mumbai","Kolkata Knight Riders","Mumbai Indians","Mumbai Indians","NA","male"
"1st.1.1","Kolkata Knight Riders","FH Allen","HH Pandya","AM Rahane",0,0,0,0,0,0,0,0,0,"nobody","not-out","nobody","0","0","0","0",2026-03-29,"T20",20,"Wankhede Stadium, Mumbai","Kolkata Knight Riders","Mumbai Indians","Mumbai Indians","NA","male"
"1st.1.2","Kolkata Knight Riders","FH Allen","HH Pandya","AM Rahane",0,0,0,0,0,0,0,0,0,"nobody","not-out","nobody","0","0","0","0",2026-03-29,"T20",20,"Wankhede Stadium, Mumbai","Kolkata Knight Riders","Mumbai Indians","Mumbai Indians","NA","male"
"1st.1.3","Kolkata Knight Riders","FH Allen","HH Pandya","AM Rahane",0,0,0,0,0,0,0,0,0,"nobody","not-out","nobody","0","0","0","0",2026-03-29,"T20",20,"Wankhede Stadium, Mumbai","Kolkata Knight Riders","Mumbai Indians","Mumbai Indians","NA","male"
"1st.1.4","Kolkata Knight Riders","FH Allen","HH Pandya","AM Rahane",0,0,0,0,0,0,4,0,4,"nobody","not-out","nobody","0","0","0","0",2026-03-29,"T20",20,"Wankhede Stadium, Mumbai","Kolkata Knight Riders","Mumbai Indians","Mumbai Indians","NA","male"
"1st.1.5","Kolkata Knight Riders","FH Allen","HH Pandya","AM Rahane",0,0,0,0,0,0,0,0,0,"nobody","not-out","nobody","0","0","0","0",2026-03-29,"T20",20,"Wankhede Stadium, Mumbai","Kolkata Knight Riders","Mumbai Indians","Mumbai Indians","NA","male"
"1st.1.6","Kolkata Knight Riders","FH Allen","HH Pandya","AM Rahane",0,0,0,0,0,0,0,0,0,"nobody","not-out","nobody","0","0","0","0",2026-03-29,"T20",20,"Wankhede Stadium, Mumbai","Kolkata Knight Riders","Mumbai Indians","Mumbai Indians","NA","male"
"1st.2.1","Kolkata Knight Riders","AM Rahane","AM Ghazanfar","FH Allen",0,0,0,0,0,0,1,0,1,"nobody","not-out","nobody","0","0","0","0",2026-03-29,"T20",20,"Wankhede Stadium, Mumbai","Kolkata Knight Riders","Mumbai Indians","Mumbai Indians","NA","male"
"1st.2.2","Kolkata Knight Riders","FH Allen","AM Ghazanfar","AM Rahane",0,0,0,0,0,0,0,0,0,"nobody","not-out","nobody","0","0","0","0",2026-03-29,"T20",20,"Wankhede Stadium, Mumbai","Kolkata Knight Riders","Mumbai Indians","Mumbai Indians","NA","male"
"1st.2.3","Kolkata Knight Riders","FH Allen","AM Ghazanfar","AM Rahane",0,0,0,0,0,0,4,0,4,"nobody","not-out","nobody","0","0","0","0",2026-03-29,"T20",20,"Wankhede Stadium, Mumbai","Kolkata Knight Riders","Mumbai Indians","Mumbai Indians","NA","male"
"1st.2.4","Kolkata Knight Riders","FH Allen","AM Ghazanfar","AM Rahane",0,0,0,0,0,0,6,0,6,"nobody","not-out","nobody","0","0","0","0",2026-03-29,"T20",20,"Wankhede Stadium, Mumbai","Kolkata Knight Riders","Mumbai Indians","Mumbai Indians","NA","male"
"1st.2.5","Kolkata Knight Riders","FH Allen","AM Ghazanfar","AM Rahane",0,0,0,0,0,0,0,0,0,"nobody","not-out","nobody","0","0","0","0",2026-03-29,"T20",20,"Wankhede Stadium, Mumbai","Kolkata Knight Riders","Mumbai Indians","Mumbai Indians","NA","male"
"1st.2.6","Kolkata Knight Riders","FH Allen","AM Ghazanfar","AM Rahane",0,0,0,0,0,0,6,0,6,"nobody","not-out","nobody","0","0","0","0",2026-03-29,"T20",20,"Wankhede Stadium, Mumbai","Kolkata Knight Riders","Mumbai Indians","Mumbai Indians","NA","male"
"1st.3.1","Kolkata Knight Riders","AM Rahane","HH Pandya","FH Allen",0,0,0,0,0,0,6,0,6,"nobody","not-out","nobody","0","0","0","0",2026-03-29,"T20",20,"Wankhede Stadium, Mumbai","Kolkata Knight Riders","Mumbai Indians","Mumbai Indians","NA","male"
"1st.3.2","Kolkata Knight Riders","AM Rahane","HH Pandya","FH Allen",0,0,0,0,0,0,6,0,6,"nobody","not-out","nobody","0","0","0","0",2026-03-29,"T20",20,"Wankhede Stadium, Mumbai","Kolkata Knight Riders","Mumbai Indians","Mumbai Indians","NA","male"
"1st.3.3","Kolkata Knight Riders","AM Rahane","HH Pandya","FH Allen",0,1,0,0,0,0,0,1,1,"nobody","not-out","nobody","0","0","0","0",2026-03-29,"T20",20,"Wankhede Stadium, Mumbai","Kolkata Knight Riders","Mumbai Indians","Mumbai Indians","NA","male"
"1st.3.4","Kolkata Knight Riders","FH Allen","HH Pandya","AM Rahane",0,0,0,0,0,0,4,0,4,"nobody","not-out","nobody","0","0","0","0",2026-03-29,"T20",20,"Wankhede Stadium, Mumbai","Kolkata Knight Riders","Mumbai Indians","Mumbai Indians","NA","male"
"1st.3.5","Kolkata Knight Riders","FH Allen","HH Pandya","AM Rahane",0,0,0,1,0,0,0,1,1,"nobody","not-out","nobody","0","0","0","0",2026-03-29,"T20",20,"Wankhede Stadium, Mumbai","Kolkata Knight Riders","Mumbai Indians","Mumbai Indians","NA","male"
"1st.3.6","Kolkata Knight Riders","FH Allen","HH Pandya","AM Rahane",0,0,0,0,0,0,4,0,4,"nobody","not-out","nobody","0","0","0","0",2026-03-29,"T20",20,"Wankhede Stadium, Mumbai","Kolkata Knight Riders","Mumbai Indians","Mumbai Indians","NA","male"
"1st.3.7","Kolkata Knight Riders","FH Allen","HH Pandya","AM Rahane",0,0,0,0,0,0,4,0,4,"nobody","not-out","nobody","0","0","0","0",2026-03-29,"T20",20,"Wankhede Stadium, Mumbai","Kolkata Knight Riders","Mumbai Indians","Mumbai Indians","NA","male"
"1st.4.1","Kolkata Knight Riders","AM Rahane","JJ Bumrah","FH Allen",0,0,0,0,0,0,4,0,4,"nobody","not-out","nobody","0","0","0","0",2026-03-29,"T20",20,"Wankhede Stadium, Mumbai","Kolkata Knight Riders","Mumbai Indians","Mumbai Indians","NA","male"
"1st.4.2","Kolkata Knight Riders","AM Rahane","JJ Bumrah","FH Allen",0,0,0,0,0,0,1,0,1,"nobody","not-out","nobody","0","0","0","0",2026-03-29,"T20",20,"Wankhede Stadium, Mumbai","Kolkata Knight Riders","Mumbai Indians","Mumbai Indians","NA","male"
"1st.4.3","Kolkata Knight Riders","FH Allen","JJ Bumrah","AM Rahane",0,0,0,0,0,0,4,0,4,"nobody","not-out","nobody","0","0","0","0",2026-03-29,"T20",20,"Wankhede Stadium, Mumbai","Kolkata Knight Riders","Mumbai Indians","Mumbai Indians","NA","male"
"1st.4.4","Kolkata Knight Riders","FH Allen","JJ Bumrah","AM Rahane",0,0,0,0,0,0,1,0,1,"nobody","not-out","nobody","0","0","0","0",2026-03-29,"T20",20,"Wankhede Stadium, Mumbai","Kolkata Knight Riders","Mumbai Indians","Mumbai Indians","NA","male"
"1st.4.5","Kolkata Knight Riders","AM Rahane","JJ Bumrah","FH Allen",0,0,0,0,0,0,0,0,0,"nobody","not-out","nobody","0","0","0","0",2026-03-29,"T20",20,"Wankhede Stadium, Mumbai","Kolkata Knight Riders","Mumbai Indians","Mumbai Indians","NA","male"
"1st.4.6","Kolkata Knight Riders","AM Rahane","JJ Bumrah","FH Allen",0,0,0,0,0,0,1,0,1,"nobody","not-out","nobody","0","0","0","0",2026-03-29,"T20",20,"Wankhede Stadium, Mumbai","Kolkata Knight Riders","Mumbai Indians","Mumbai Indians","NA","male"
"1st.5.1","Kolkata Knight Riders","AM Rahane","SN Thakur","FH Allen",0,0,0,0,0,0,1,0,1,"nobody","not-out","nobody","0","0","0","0",2026-03-29,"T20",20,"Wankhede Stadium, Mumbai","Kolkata Knight Riders","Mumbai Indians","Mumbai Indians","NA","male"
"1st.5.2","Kolkata Knight Riders","FH Allen","SN Thakur","AM Rahane",0,0,0,0,0,0,0,0,0,"Tilak Varma","caught","FH Allen","0","0","0","0",2026-03-29,"T20",20,"Wankhede Stadium, Mumbai","Kolkata Knight Riders","Mumbai Indians","Mumbai Indians","NA","male"
"1st.5.3","Kolkata Knight Riders","C Green","SN Thakur","AM Rahane",0,0,0,0,0,0,1,0,1,"nobody","not-out","nobody","0","0","0","0",2026-03-29,"T20",20,"Wankhede Stadium, Mumbai","Kolkata Knight Riders","Mumbai Indians","Mumbai Indians","NA","male"
"1st.5.4","Kolkata Knight Riders","AM Rahane","SN Thakur","C Green",0,0,0,0,0,0,4,0,4,"nobody","not-out","nobody","0","0","0","0",2026-03-29,"T20",20,"Wankhede Stadium, Mumbai","Kolkata Knight Riders","Mumbai Indians","Mumbai Indians","NA","male"
"1st.5.5","Kolkata Knight Riders","AM Rahane","SN Thakur","C Green",0,0,0,0,0,0,0,0,0,"nobody","not-out","nobody","0","0","0","0",2026-03-29,"T20",20,"Wankhede Stadium, Mumbai","Kolkata Knight Riders","Mumbai Indians","Mumbai Indians","NA","male"
"1st.5.6","Kolkata Knight Riders","AM Rahane","SN Thakur","C Green",0,0,0,0,0,0,4,0,4,"nobody","not-out","nobody","0","0","0","0",2026-03-29,"T20",20,"Wankhede Stadium, Mumbai","Kolkata Knight Riders","Mumbai Indians","Mumbai Indians","NA","male"
"1st.6.1","Kolkata Knight Riders","C Green","M Markande","AM Rahane",0,0,0,0,0,0,1,0,1,"nobody","not-out","nobody","0","0","0","0",2026-03-29,"T20",20,"Wankhede Stadium, Mumbai","Kolkata Knight Riders","Mumbai Indians","Mumbai Indians","NA","male"
"1st.6.2","Kolkata Knight Riders","AM Rahane","M Markande","C Green",0,0,0,0,0,0,2,0,2,"nobody","not-out","nobody","0","0","0","0",2026-03-29,"T20",20,"Wankhede Stadium, Mumbai","Kolkata Knight Riders","Mumbai Indians","Mumbai Indians","NA","male"
"1st.6.3","Kolkata Knight Riders","AM Rahane","M Markande","C Green",0,0,0,0,0,0,0,0,0,"nobody","not-out","nobody","0","0","0","0",2026-03-29,"T20",20,"Wankhede Stadium, Mumbai","Kolkata Knight Riders","Mumbai Indians","Mumbai Indians","NA","male"
"1st.6.4","Kolkata Knight Riders","AM Rahane","M Markande","C Green",0,0,0,0,0,0,6,0,6,"nobody","not-out","nobody","0","0","0","0",2026-03-29,"T20",20,"Wankhede Stadium, Mumbai","Kolkata Knight Riders","Mumbai Indians","Mumbai Indians","NA","male"
"1st.6.5","Kolkata Knight Riders","AM Rahane","M Markande","C Green",0,0,0,0,0,0,1,0,1,"nobody","not-out","nobody","0","0","0","0",2026-03-29,"T20",20,"Wankhede Stadium, Mumbai","Kolkata Knight Riders","Mumbai Indians","Mumbai Indians","NA","male"
"1st.6.6","Kolkata Knight Riders","C Green","M Markande","AM Rahane",0,0,0,0,0,0,6,0,6,"nobody","not-out","nobody","0","0","0","0",2026-03-29,"T20",20,"Wankhede Stadium, Mumbai","Kolkata Knight Riders","Mumbai Indians","Mumbai Indians","NA","male"
"1st.7.1","Kolkata Knight Riders","AM Rahane","AM Ghazanfar","C Green",0,0,0,0,0,0,1,0,1,"nobody","not-out","nobody","0","0","0","0",2026-03-29,"T20",20,"Wankhede Stadium, Mumbai","Kolkata Knight Riders","Mumbai Indians","Mumbai Indians","NA","male"
"1st.7.2","Kolkata Knight Riders","C Green","AM Ghazanfar","AM Rahane",0,0,0,0,0,0,1,0,1,"nobody","not-out","nobody","0","0","0","0",2026-03-29,"T20",20,"Wankhede Stadium, Mumbai","Kolkata Knight Riders","Mumbai Indians","Mumbai Indians","NA","male"
"1st.7.3","Kolkata Knight Riders","AM Rahane","AM Ghazanfar","C Green",0,0,0,0,0,0,1,0,1,"nobody","not-out","nobody","0","0","0","0",2026-03-29,"T20",20,"Wankhede Stadium, Mumbai","Kolkata Knight Riders","Mumbai Indians","Mumbai Indians","NA","male"
"1st.7.4","Kolkata Knight Riders","C Green","AM Ghazanfar","AM Rahane",0,0,0,0,0,0,1,0,1,"nobody","not-out","nobody","0","0","0","0",2026-03-29,"T20",20,"Wankhede Stadium, Mumbai","Kolkata Knight Riders","Mumbai Indians","Mumbai Indians","NA","male"
"1st.7.5","Kolkata Knight Riders","AM Rahane","AM Ghazanfar","C Green",0,0,0,1,0,0,0,1,1,"nobody","not-out","nobody","0","0","0","0",2026-03-29,"T20",20,"Wankhede Stadium, Mumbai","Kolkata Knight Riders","Mumbai Indians","Mumbai Indians","NA","male"
"1st.7.6","Kolkata Knight Riders","AM Rahane","AM Ghazanfar","C Green",0,0,0,0,0,0,1,0,1,"nobody","not-out","nobody","0","0","0","0",2026-03-29,"T20",20,"Wankhede Stadium, Mumbai","Kolkata Knight Riders","Mumbai Indians","Mumbai Indians","NA","male"
"1st.7.7","Kolkata Knight Riders","C Green","AM Ghazanfar","AM Rahane",0,0,0,0,0,0,1,0,1,"nobody","not-out","nobody","0","0","0","0",2026-03-29,"T20",20,"Wankhede Stadium, Mumbai","Kolkata Knight Riders","Mumbai Indians","Mumbai Indians","NA","male"
"1st.8.1","Kolkata Knight Riders","C Green","SN Thakur","AM Rahane",0,0,0,0,0,0,2,0,2,"nobody","not-out","nobody","0","0","0","0",2026-03-29,"T20",20,"Wankhede Stadium, Mumbai","Kolkata Knight Riders","Mumbai Indians","Mumbai Indians","NA","male"
"1st.8.2","Kolkata Knight Riders","C Green","SN Thakur","AM Rahane",0,0,0,0,0,0,4,0,4,"nobody","not-out","nobody","0","0","0","0",2026-03-29,"T20",20,"Wankhede Stadium, Mumbai","Kolkata Knight Riders","Mumbai Indians","Mumbai Indians","NA","male"
"1st.8.3","Kolkata Knight Riders","C Green","SN Thakur","AM Rahane",0,0,0,0,0,0,1,0,1,"nobody","not-out","nobody","0","0","0","0",2026-03-29,"T20",20,"Wankhede Stadium, Mumbai","Kolkata Knight Riders","Mumbai Indians","Mumbai Indians","NA","male"
"1st.8.4","Kolkata Knight Riders","AM Rahane","SN Thakur","C Green",0,0,0,0,0,0,1,0,1,"nobody","not-out","nobody","0","0","0","0",2026-03-29,"T20",20,"Wankhede Stadium, Mumbai","Kolkata Knight Riders","Mumbai Indians","Mumbai Indians","NA","male"
"1st.8.5","Kolkata Knight Riders","C Green","SN Thakur","AM Rahane",0,0,0,0,0,0,0,0,0,"SE Rutherford","caught","C Green","0","0","0","0",2026-03-29,"T20",20,"Wankhede Stadium, Mumbai","Kolkata Knight Riders","Mumbai Indians","Mumbai Indians","NA","male"
"1st.8.6","Kolkata Knight Riders","A Raghuvanshi","SN Thakur","AM Rahane",0,0,0,0,0,0,1,0,1,"nobody","not-out","nobody","0","0","0","0",2026-03-29,"T20",20,"Wankhede Stadium, Mumbai","Kolkata Knight Riders","Mumbai Indians","Mumbai Indians","NA","male"
"1st.9.1","Kolkata Knight Riders","A Raghuvanshi","TA Boult","AM Rahane",0,0,0,0,0,0,1,0,1,"nobody","not-out","nobody","0","0","0","0",2026-03-29,"T20",20,"Wankhede Stadium, Mumbai","Kolkata Knight Riders","Mumbai Indians","Mumbai Indians","NA","male"
"1st.9.2","Kolkata Knight Riders","AM Rahane","TA Boult","A Raghuvanshi",0,0,0,0,0,0,2,0,2,"nobody","not-out","nobody","0","0","0","0",2026-03-29,"T20",20,"Wankhede Stadium, Mumbai","Kolkata Knight Riders","Mumbai Indians","Mumbai Indians","NA","male"
"1st.9.3","Kolkata Knight Riders","AM Rahane","TA Boult","A Raghuvanshi",0,0,0,0,0,0,1,0,1,"nobody","not-out","nobody","0","0","0","0",2026-03-29,"T20",20,"Wankhede Stadium, Mumbai","Kolkata Knight Riders","Mumbai Indians","Mumbai Indians","NA","male"
"1st.9.4","Kolkata Knight Riders","A Raghuvanshi","TA Boult","AM Rahane",0,0,0,0,0,0,4,0,4,"nobody","not-out","nobody","0","0","0","0",2026-03-29,"T20",20,"Wankhede Stadium, Mumbai","Kolkata Knight Riders","Mumbai Indians","Mumbai Indians","NA","male"
"1st.9.5","Kolkata Knight Riders","A Raghuvanshi","TA Boult","AM Rahane",0,0,0,0,0,0,1,0,1,"nobody","not-out","nobody","0","0","0","0",2026-03-29,"T20",20,"Wankhede Stadium, Mumbai","Kolkata Knight Riders","Mumbai Indians","Mumbai Indians","NA","male"
"1st.9.6","Kolkata Knight Riders","AM Rahane","TA Boult","A Raghuvanshi",0,0,0,0,0,0,1,0,1,"nobody","not-out","nobody","0","0","0","0",2026-03-29,"T20",20,"Wankhede Stadium, Mumbai","Kolkata Knight Riders","Mumbai Indians","Mumbai Indians","NA","male"
"1st.10.1","Kolkata Knight Riders","AM Rahane","AM Ghazanfar","A Raghuvanshi",0,0,0,0,0,0,6,0,6,"nobody","not-out","nobody","0","0","0","0",2026-03-29,"T20",20,"Wankhede Stadium, Mumbai","Kolkata Knight Riders","Mumbai Indians","Mumbai Indians","NA","male"
"1st.10.2","Kolkata Knight Riders","AM Rahane","AM Ghazanfar","A Raghuvanshi",0,0,0,0,0,0,2,0,2,"nobody","not-out","nobody","0","0","0","0",2026-03-29,"T20",20,"Wankhede Stadium, Mumbai","Kolkata Knight Riders","Mumbai Indians","Mumbai Indians","NA","male"
"1st.10.3","Kolkata Knight Riders","AM Rahane","AM Ghazanfar","A Raghuvanshi",0,0,0,0,0,0,2,0,2,"nobody","not-out","nobody","0","0","0","0",2026-03-29,"T20",20,"Wankhede Stadium, Mumbai","Kolkata Knight Riders","Mumbai Indians","Mumbai Indians","NA","male"
"1st.10.4","Kolkata Knight Riders","AM Rahane","AM Ghazanfar","A Raghuvanshi",0,0,0,0,0,0,0,0,0,"nobody","not-out","nobody","0","0","0","0",2026-03-29,"T20",20,"Wankhede Stadium, Mumbai","Kolkata Knight Riders","Mumbai Indians","Mumbai Indians","NA","male"
"1st.10.5","Kolkata Knight Riders","AM Rahane","AM Ghazanfar","A Raghuvanshi",0,1,0,0,0,0,0,1,1,"nobody","not-out","nobody","0","0","0","0",2026-03-29,"T20",20,"Wankhede Stadium, Mumbai","Kolkata Knight Riders","Mumbai Indians","Mumbai Indians","NA","male"
"1st.10.6","Kolkata Knight Riders","A Raghuvanshi","AM Ghazanfar","AM Rahane",0,0,0,0,0,0,0,0,0,"nobody","not-out","nobody","0","0","0","0",2026-03-29,"T20",20,"Wankhede Stadium, Mumbai","Kolkata Knight Riders","Mumbai Indians","Mumbai Indians","NA","male"
"1st.11.1","Kolkata Knight Riders","AM Rahane","JJ Bumrah","A Raghuvanshi",0,0,0,0,0,0,1,0,1,"nobody","not-out","nobody","0","0","0","0",2026-03-29,"T20",20,"Wankhede Stadium, Mumbai","Kolkata Knight Riders","Mumbai Indians","Mumbai Indians","NA","male"
"1st.11.2","Kolkata Knight Riders","A Raghuvanshi","JJ Bumrah","AM Rahane",0,0,0,0,0,0,1,0,1,"nobody","not-out","nobody","0","0","0","0",2026-03-29,"T20",20,"Wankhede Stadium, Mumbai","Kolkata Knight Riders","Mumbai Indians","Mumbai Indians","NA","male"
"1st.11.3","Kolkata Knight Riders","AM Rahane","JJ Bumrah","A Raghuvanshi",0,0,0,0,0,0,1,0,1,"nobody","not-out","nobody","0","0","0","0",2026-03-29,"T20",20,"Wankhede Stadium, Mumbai","Kolkata Knight Riders","Mumbai Indians","Mumbai Indians","NA","male"
"1st.11.4","Kolkata Knight Riders","A Raghuvanshi","JJ Bumrah","AM Rahane",0,0,0,0,0,0,0,0,0,"nobody","not-out","nobody","0","0","0","0",2026-03-29,"T20",20,"Wankhede Stadium, Mumbai","Kolkata Knight Riders","Mumbai Indians","Mumbai Indians","NA","male"
"1st.11.5","Kolkata Knight Riders","A Raghuvanshi","JJ Bumrah","AM Rahane",0,0,0,0,0,0,1,0,1,"nobody","not-out","nobody","0","0","0","0",2026-03-29,"T20",20,"Wankhede Stadium, Mumbai","Kolkata Knight Riders","Mumbai Indians","Mumbai Indians","NA","male"
"1st.11.6","Kolkata Knight Riders","AM Rahane","JJ Bumrah","A Raghuvanshi",0,0,0,0,0,0,1,0,1,"nobody","not-out","nobody","0","0","0","0",2026-03-29,"T20",20,"Wankhede Stadium, Mumbai","Kolkata Knight Riders","Mumbai Indians","Mumbai Indians","NA","male"
"1st.12.1","Kolkata Knight Riders","AM Rahane","TA Boult","A Raghuvanshi",0,0,0,0,0,0,0,0,0,"nobody","not-out","nobody","0","0","0","0",2026-03-29,"T20",20,"Wankhede Stadium, Mumbai","Kolkata Knight Riders","Mumbai Indians","Mumbai Indians","NA","male"
"1st.12.2","Kolkata Knight Riders","AM Rahane","TA Boult","A Raghuvanshi",0,0,0,0,0,0,1,0,1,"nobody","not-out","nobody","0","0","0","0",2026-03-29,"T20",20,"Wankhede Stadium, Mumbai","Kolkata Knight Riders","Mumbai Indians","Mumbai Indians","NA","male"
"1st.12.3","Kolkata Knight Riders","A Raghuvanshi","TA Boult","AM Rahane",0,0,0,0,0,0,0,0,0,"nobody","not-out","nobody","0","0","0","0",2026-03-29,"T20",20,"Wankhede Stadium, Mumbai","Kolkata Knight Riders","Mumbai Indians","Mumbai Indians","NA","male"
"1st.12.4","Kolkata Knight Riders","A Raghuvanshi","TA Boult","AM Rahane",0,0,0,0,0,0,2,0,2,"nobody","not-out","nobody","0","0","0","0",2026-03-29,"T20",20,"Wankhede Stadium, Mumbai","Kolkata Knight Riders","Mumbai Indians","Mumbai Indians","NA","male"
"1st.12.5","Kolkata Knight Riders","A Raghuvanshi","TA Boult","AM Rahane",0,0,0,0,0,0,4,0,4,"nobody","not-out","nobody","0","0","0","0",2026-03-29,"T20",20,"Wankhede Stadium, Mumbai","Kolkata Knight Riders","Mumbai Indians","Mumbai Indians","NA","male"
"1st.12.6","Kolkata Knight Riders","A Raghuvanshi","TA Boult","AM Rahane",0,0,0,0,0,0,1,0,1,"nobody","not-out","nobody","0","0","0","0",2026-03-29,"T20",20,"Wankhede Stadium, Mumbai","Kolkata Knight Riders","Mumbai Indians","Mumbai Indians","NA","male"
"1st.13.1","Kolkata Knight Riders","A Raghuvanshi","SN Thakur","AM Rahane",0,0,0,0,0,0,0,0,0,"nobody","not-out","nobody","0","0","0","0",2026-03-29,"T20",20,"Wankhede Stadium, Mumbai","Kolkata Knight Riders","Mumbai Indians","Mumbai Indians","NA","male"
"1st.13.2","Kolkata Knight Riders","A Raghuvanshi","SN Thakur","AM Rahane",0,0,0,0,0,0,1,0,1,"nobody","not-out","nobody","0","0","0","0",2026-03-29,"T20",20,"Wankhede Stadium, Mumbai","Kolkata Knight Riders","Mumbai Indians","Mumbai Indians","NA","male"
"1st.13.3","Kolkata Knight Riders","AM Rahane","SN Thakur","A Raghuvanshi",0,0,0,0,0,0,0,0,0,"HH Pandya","caught","AM Rahane","0","0","0","0",2026-03-29,"T20",20,"Wankhede Stadium, Mumbai","Kolkata Knight Riders","Mumbai Indians","Mumbai Indians","NA","male"
"1st.13.4","Kolkata Knight Riders","RK Singh","SN Thakur","A Raghuvanshi",0,0,0,0,0,0,1,0,1,"nobody","not-out","nobody","0","0","0","0",2026-03-29,"T20",20,"Wankhede Stadium, Mumbai","Kolkata Knight Riders","Mumbai Indians","Mumbai Indians","NA","male"
"1st.13.5","Kolkata Knight Riders","A Raghuvanshi","SN Thakur","RK Singh",0,0,0,0,0,0,4,0,4,"nobody","not-out","nobody","0","0","0","0",2026-03-29,"T20",20,"Wankhede Stadium, Mumbai","Kolkata Knight Riders","Mumbai Indians","Mumbai Indians","NA","male"
"1st.13.6","Kolkata Knight Riders","A Raghuvanshi","SN Thakur","RK Singh",0,0,0,0,0,0,0,0,0,"nobody","not-out","nobody","0","0","0","0",2026-03-29,"T20",20,"Wankhede Stadium, Mumbai","Kolkata Knight Riders","Mumbai Indians","Mumbai Indians","NA","male"
"1st.14.1","Kolkata Knight Riders","RK Singh","AM Ghazanfar","A Raghuvanshi",0,0,0,0,0,0,4,0,4,"nobody","not-out","nobody","0","0","0","0",2026-03-29,"T20",20,"Wankhede Stadium, Mumbai","Kolkata Knight Riders","Mumbai Indians","Mumbai Indians","NA","male"
"1st.14.2","Kolkata Knight Riders","RK Singh","AM Ghazanfar","A Raghuvanshi",0,0,0,0,0,0,2,0,2,"nobody","not-out","nobody","0","0","0","0",2026-03-29,"T20",20,"Wankhede Stadium, Mumbai","Kolkata Knight Riders","Mumbai Indians","Mumbai Indians","NA","male"
"1st.14.3","Kolkata Knight Riders","RK Singh","AM Ghazanfar","A Raghuvanshi",0,0,0,0,0,0,1,0,1,"nobody","not-out","nobody","0","0","0","0",2026-03-29,"T20",20,"Wankhede Stadium, Mumbai","Kolkata Knight Riders","Mumbai Indians","Mumbai Indians","NA","male"
"1st.14.4","Kolkata Knight Riders","A Raghuvanshi","AM Ghazanfar","RK Singh",0,0,0,0,0,0,0,0,0,"nobody","not-out","nobody","0","0","0","0",2026-03-29,"T20",20,"Wankhede Stadium, Mumbai","Kolkata Knight Riders","Mumbai Indians","Mumbai Indians","NA","male"
"1st.14.5","Kolkata Knight Riders","A Raghuvanshi","AM Ghazanfar","RK Singh",0,0,0,0,0,0,4,0,4,"nobody","not-out","nobody","0","0","0","0",2026-03-29,"T20",20,"Wankhede Stadium, Mumbai","Kolkata Knight Riders","Mumbai Indians","Mumbai Indians","NA","male"
"1st.14.6","Kolkata Knight Riders","A Raghuvanshi","AM Ghazanfar","RK Singh",0,0,0,0,0,0,6,0,6,"nobody","not-out","nobody","0","0","0","0",2026-03-29,"T20",20,"Wankhede Stadium, Mumbai","Kolkata Knight Riders","Mumbai Indians","Mumbai Indians","NA","male"
"1st.15.1","Kolkata Knight Riders","RK Singh","TA Boult","A Raghuvanshi",0,0,0,0,0,0,4,0,4,"nobody","not-out","nobody","0","0","0","0",2026-03-29,"T20",20,"Wankhede Stadium, Mumbai","Kolkata Knight Riders","Mumbai Indians","Mumbai Indians","NA","male"
"1st.15.2","Kolkata Knight Riders","RK Singh","TA Boult","A Raghuvanshi",0,0,0,0,0,0,0,0,0,"nobody","not-out","nobody","0","0","0","0",2026-03-29,"T20",20,"Wankhede Stadium, Mumbai","Kolkata Knight Riders","Mumbai Indians","Mumbai Indians","NA","male"
"1st.15.3","Kolkata Knight Riders","RK Singh","TA Boult","A Raghuvanshi",0,0,0,0,0,0,1,0,1,"nobody","not-out","nobody","0","0","0","0",2026-03-29,"T20",20,"Wankhede Stadium, Mumbai","Kolkata Knight Riders","Mumbai Indians","Mumbai Indians","NA","male"
"1st.15.4","Kolkata Knight Riders","A Raghuvanshi","TA Boult","RK Singh",0,0,0,0,0,0,1,0,1,"nobody","not-out","nobody","0","0","0","0",2026-03-29,"T20",20,"Wankhede Stadium, Mumbai","Kolkata Knight Riders","Mumbai Indians","Mumbai Indians","NA","male"
"1st.15.5","Kolkata Knight Riders","RK Singh","TA Boult","A Raghuvanshi",0,0,0,1,0,0,0,1,1,"nobody","not-out","nobody","0","0","0","0",2026-03-29,"T20",20,"Wankhede Stadium, Mumbai","Kolkata Knight Riders","Mumbai Indians","Mumbai Indians","NA","male"
"1st.15.6","Kolkata Knight Riders","RK Singh","TA Boult","A Raghuvanshi",0,0,0,0,0,0,2,0,2,"nobody","not-out","nobody","0","0","0","0",2026-03-29,"T20",20,"Wankhede Stadium, Mumbai","Kolkata Knight Riders","Mumbai Indians","Mumbai Indians","NA","male"
"1st.15.7","Kolkata Knight Riders","RK Singh","TA Boult","A Raghuvanshi",0,0,0,0,0,0,1,0,1,"nobody","not-out","nobody","0","0","0","0",2026-03-29,"T20",20,"Wankhede Stadium, Mumbai","Kolkata Knight Riders","Mumbai Indians","Mumbai Indians","NA","male"
"1st.16.1","Kolkata Knight Riders","RK Singh","SN Thakur","A Raghuvanshi",0,0,0,0,0,0,1,0,1,"nobody","not-out","nobody","0","0","0","0",2026-03-29,"T20",20,"Wankhede Stadium, Mumbai","Kolkata Knight Riders","Mumbai Indians","Mumbai Indians","NA","male"
"1st.16.2","Kolkata Knight Riders","A Raghuvanshi","SN Thakur","RK Singh",0,0,0,0,0,0,2,0,2,"nobody","not-out","nobody","0","0","0","0",2026-03-29,"T20",20,"Wankhede Stadium, Mumbai","Kolkata Knight Riders","Mumbai Indians","Mumbai Indians","NA","male"
"1st.16.3","Kolkata Knight Riders","A Raghuvanshi","SN Thakur","RK Singh",0,0,0,0,0,0,6,0,6,"nobody","not-out","nobody","0","0","0","0",2026-03-29,"T20",20,"Wankhede Stadium, Mumbai","Kolkata Knight Riders","Mumbai Indians","Mumbai Indians","NA","male"
"1st.16.4","Kolkata Knight Riders","A Raghuvanshi","SN Thakur","RK Singh",0,0,0,0,0,0,1,0,1,"nobody","not-out","nobody","0","0","0","0",2026-03-29,"T20",20,"Wankhede Stadium, Mumbai","Kolkata Knight Riders","Mumbai Indians","Mumbai Indians","NA","male"
"1st.16.5","Kolkata Knight Riders","RK Singh","SN Thakur","A Raghuvanshi",0,0,0,0,0,0,0,0,0,"nobody","not-out","nobody","0","0","0","0",2026-03-29,"T20",20,"Wankhede Stadium, Mumbai","Kolkata Knight Riders","Mumbai Indians","Mumbai Indians","NA","male"
"1st.16.6","Kolkata Knight Riders","RK Singh","SN Thakur","A Raghuvanshi",0,0,0,0,0,0,4,0,4,"nobody","not-out","nobody","0","0","0","0",2026-03-29,"T20",20,"Wankhede Stadium, Mumbai","Kolkata Knight Riders","Mumbai Indians","Mumbai Indians","NA","male"
"1st.17.1","Kolkata Knight Riders","A Raghuvanshi","JJ Bumrah","RK Singh",0,0,0,0,0,0,4,0,4,"nobody","not-out","nobody","0","0","0","0",2026-03-29,"T20",20,"Wankhede Stadium, Mumbai","Kolkata Knight Riders","Mumbai Indians","Mumbai Indians","NA","male"
"1st.17.2","Kolkata Knight Riders","A Raghuvanshi","JJ Bumrah","RK Singh",0,0,0,0,0,0,0,0,0,"nobody","not-out","nobody","0","0","0","0",2026-03-29,"T20",20,"Wankhede Stadium, Mumbai","Kolkata Knight Riders","Mumbai Indians","Mumbai Indians","NA","male"
"1st.17.3","Kolkata Knight Riders","A Raghuvanshi","JJ Bumrah","RK Singh",0,0,0,0,0,0,1,0,1,"nobody","not-out","nobody","0","0","0","0",2026-03-29,"T20",20,"Wankhede Stadium, Mumbai","Kolkata Knight Riders","Mumbai Indians","Mumbai Indians","NA","male"
"1st.17.4","Kolkata Knight Riders","RK Singh","JJ Bumrah","A Raghuvanshi",0,0,0,0,0,0,1,0,1,"nobody","not-out","nobody","0","0","0","0",2026-03-29,"T20",20,"Wankhede Stadium, Mumbai","Kolkata Knight Riders","Mumbai Indians","Mumbai Indians","NA","male"
"1st.17.5","Kolkata Knight Riders","A Raghuvanshi","JJ Bumrah","RK Singh",0,0,0,0,0,0,1,0,1,"nobody","not-out","nobody","0","0","0","0",2026-03-29,"T20",20,"Wankhede Stadium, Mumbai","Kolkata Knight Riders","Mumbai Indians","Mumbai Indians","NA","male"
"1st.17.6","Kolkata Knight Riders","RK Singh","JJ Bumrah","A Raghuvanshi",0,0,0,0,0,0,1,0,1,"nobody","not-out","nobody","0","0","0","0",2026-03-29,"T20",20,"Wankhede Stadium, Mumbai","Kolkata Knight Riders","Mumbai Indians","Mumbai Indians","NA","male"
"1st.18.1","Kolkata Knight Riders","RK Singh","HH Pandya","A Raghuvanshi",0,0,0,0,0,0,1,0,1,"nobody","not-out","nobody","0","0","0","0",2026-03-29,"T20",20,"Wankhede Stadium, Mumbai","Kolkata Knight Riders","Mumbai Indians","Mumbai Indians","NA","male"
"1st.18.2","Kolkata Knight Riders","A Raghuvanshi","HH Pandya","RK Singh",0,0,0,1,0,0,0,1,1,"nobody","not-out","nobody","0","0","0","0",2026-03-29,"T20",20,"Wankhede Stadium, Mumbai","Kolkata Knight Riders","Mumbai Indians","Mumbai Indians","NA","male"
"1st.18.3","Kolkata Knight Riders","A Raghuvanshi","HH Pandya","RK Singh",0,0,0,0,0,0,4,0,4,"nobody","not-out","nobody","0","0","0","0",2026-03-29,"T20",20,"Wankhede Stadium, Mumbai","Kolkata Knight Riders","Mumbai Indians","Mumbai Indians","NA","male"
"1st.18.4","Kolkata Knight Riders","A Raghuvanshi","HH Pandya","RK Singh",0,0,0,0,0,0,0,0,0,"Tilak Varma","caught","A Raghuvanshi","0","0","0","0",2026-03-29,"T20",20,"Wankhede Stadium, Mumbai","Kolkata Knight Riders","Mumbai Indians","Mumbai Indians","NA","male"
"1st.18.5","Kolkata Knight Riders","Ramandeep Singh","HH Pandya","RK Singh",0,0,0,0,0,0,1,0,1,"nobody","not-out","nobody","0","0","0","0",2026-03-29,"T20",20,"Wankhede Stadium, Mumbai","Kolkata Knight Riders","Mumbai Indians","Mumbai Indians","NA","male"
"1st.18.6","Kolkata Knight Riders","RK Singh","HH Pandya","Ramandeep Singh",0,0,0,0,0,0,1,0,1,"nobody","not-out","nobody","0","0","0","0",2026-03-29,"T20",20,"Wankhede Stadium, Mumbai","Kolkata Knight Riders","Mumbai Indians","Mumbai Indians","NA","male"
"1st.18.7","Kolkata Knight Riders","Ramandeep Singh","HH Pandya","RK Singh",0,0,0,0,0,0,2,0,2,"nobody","not-out","nobody","0","0","0","0",2026-03-29,"T20",20,"Wankhede Stadium, Mumbai","Kolkata Knight Riders","Mumbai Indians","Mumbai Indians","NA","male"
"1st.19.1","Kolkata Knight Riders","RK Singh","JJ Bumrah","Ramandeep Singh",0,0,1,0,0,0,0,1,1,"nobody","not-out","nobody","0","0","0","0",2026-03-29,"T20",20,"Wankhede Stadium, Mumbai","Kolkata Knight Riders","Mumbai Indians","Mumbai Indians","NA","male"
"1st.19.2","Kolkata Knight Riders","RK Singh","JJ Bumrah","Ramandeep Singh",0,0,0,1,0,0,0,1,1,"nobody","not-out","nobody","0","0","0","0",2026-03-29,"T20",20,"Wankhede Stadium, Mumbai","Kolkata Knight Riders","Mumbai Indians","Mumbai Indians","NA","male"
"1st.19.3","Kolkata Knight Riders","RK Singh","JJ Bumrah","Ramandeep Singh",0,0,0,0,0,0,1,0,1,"nobody","not-out","nobody","0","0","0","0",2026-03-29,"T20",20,"Wankhede Stadium, Mumbai","Kolkata Knight Riders","Mumbai Indians","Mumbai Indians","NA","male"
"1st.19.4","Kolkata Knight Riders","Ramandeep Singh","JJ Bumrah","RK Singh",0,0,0,0,0,0,1,0,1,"nobody","not-out","nobody","0","0","0","0",2026-03-29,"T20",20,"Wankhede Stadium, Mumbai","Kolkata Knight Riders","Mumbai Indians","Mumbai Indians","NA","male"
"1st.19.5","Kolkata Knight Riders","RK Singh","JJ Bumrah","Ramandeep Singh",0,0,0,0,0,0,4,0,4,"nobody","not-out","nobody","0","0","0","0",2026-03-29,"T20",20,"Wankhede Stadium, Mumbai","Kolkata Knight Riders","Mumbai Indians","Mumbai Indians","NA","male"
"1st.19.6","Kolkata Knight Riders","RK Singh","JJ Bumrah","Ramandeep Singh",0,0,0,0,0,0,2,0,2,"nobody","not-out","nobody","0","0","0","0",2026-03-29,"T20",20,"Wankhede Stadium, Mumbai","Kolkata Knight Riders","Mumbai Indians","Mumbai Indians","NA","male"
"1st.19.7","Kolkata Knight Riders","RK Singh","JJ Bumrah","Ramandeep Singh",0,0,0,0,0,0,1,0,1,"nobody","not-out","nobody","0","0","0","0",2026-03-29,"T20",20,"Wankhede Stadium, Mumbai","Kolkata Knight Riders","Mumbai Indians","Mumbai Indians","NA","male"
"1st.19.8","Kolkata Knight Riders","Ramandeep Singh","JJ Bumrah","RK Singh",0,0,0,0,0,0,0,0,0,"nobody","not-out","nobody","0","0","0","0",2026-03-29,"T20",20,"Wankhede Stadium, Mumbai","Kolkata Knight Riders","Mumbai Indians","Mumbai Indians","NA","male"
"2nd.0.1","Mumbai Indians","RD Rickelton","VG Arora","RG Sharma",0,0,0,0,0,0,1,0,1,"nobody","not-out","nobody","Kartik Tyagi","FH Allen","impact_player","Kolkata Knight Riders",2026-03-29,"T20",20,"Wankhede Stadium, Mumbai","Kolkata Knight Riders","Mumbai Indians","Mumbai Indians","NA","male"
"2nd.0.2","Mumbai Indians","RG Sharma","VG Arora","RD Rickelton",0,1,0,0,0,0,0,1,1,"nobody","not-out","nobody","0","0","0","0",2026-03-29,"T20",20,"Wankhede Stadium, Mumbai","Kolkata Knight Riders","Mumbai Indians","Mumbai Indians","NA","male"
"2nd.0.3","Mumbai Indians","RD Rickelton","VG Arora","RG Sharma",0,0,0,0,0,0,4,0,4,"nobody","not-out","nobody","0","0","0","0",2026-03-29,"T20",20,"Wankhede Stadium, Mumbai","Kolkata Knight Riders","Mumbai Indians","Mumbai Indians","NA","male"
"2nd.0.4","Mumbai Indians","RD Rickelton","VG Arora","RG Sharma",0,0,0,0,0,0,0,0,0,"nobody","not-out","nobody","0","0","0","0",2026-03-29,"T20",20,"Wankhede Stadium, Mumbai","Kolkata Knight Riders","Mumbai Indians","Mumbai Indians","NA","male"
"2nd.0.5","Mumbai Indians","RD Rickelton","VG Arora","RG Sharma",0,0,0,0,0,0,0,0,0,"nobody","not-out","nobody","0","0","0","0",2026-03-29,"T20",20,"Wankhede Stadium, Mumbai","Kolkata Knight Riders","Mumbai Indians","Mumbai Indians","NA","male"
"2nd.0.6","Mumbai Indians","RD Rickelton","VG Arora","RG Sharma",0,0,0,0,0,0,0,0,0,"nobody","not-out","nobody","0","0","0","0",2026-03-29,"T20",20,"Wankhede Stadium, Mumbai","Kolkata Knight Riders","Mumbai Indians","Mumbai Indians","NA","male"
"2nd.1.1","Mumbai Indians","RG Sharma","B Muzarabani","RD Rickelton",0,0,0,0,0,0,0,0,0,"nobody","not-out","nobody","0","0","0","0",2026-03-29,"T20",20,"Wankhede Stadium, Mumbai","Kolkata Knight Riders","Mumbai Indians","Mumbai Indians","NA","male"
"2nd.1.2","Mumbai Indians","RG Sharma","B Muzarabani","RD Rickelton",0,0,0,0,0,0,0,0,0,"nobody","not-out","nobody","0","0","0","0",2026-03-29,"T20",20,"Wankhede Stadium, Mumbai","Kolkata Knight Riders","Mumbai Indians","Mumbai Indians","NA","male"
"2nd.1.3","Mumbai Indians","RG Sharma","B Muzarabani","RD Rickelton",0,0,0,0,0,0,4,0,4,"nobody","not-out","nobody","0","0","0","0",2026-03-29,"T20",20,"Wankhede Stadium, Mumbai","Kolkata Knight Riders","Mumbai Indians","Mumbai Indians","NA","male"
"2nd.1.4","Mumbai Indians","RG Sharma","B Muzarabani","RD Rickelton",0,0,0,0,0,0,1,0,1,"nobody","not-out","nobody","0","0","0","0",2026-03-29,"T20",20,"Wankhede Stadium, Mumbai","Kolkata Knight Riders","Mumbai Indians","Mumbai Indians","NA","male"
"2nd.1.5","Mumbai Indians","RD Rickelton","B Muzarabani","RG Sharma",0,0,0,0,0,0,4,0,4,"nobody","not-out","nobody","0","0","0","0",2026-03-29,"T20",20,"Wankhede Stadium, Mumbai","Kolkata Knight Riders","Mumbai Indians","Mumbai Indians","NA","male"
"2nd.1.6","Mumbai Indians","RD Rickelton","B Muzarabani","RG Sharma",0,0,0,0,0,0,0,0,0,"nobody","not-out","nobody","0","0","0","0",2026-03-29,"T20",20,"Wankhede Stadium, Mumbai","Kolkata Knight Riders","Mumbai Indians","Mumbai Indians","NA","male"
"2nd.2.1","Mumbai Indians","RG Sharma","VG Arora","RD Rickelton",0,0,0,0,0,0,0,0,0,"nobody","not-out","nobody","0","0","0","0",2026-03-29,"T20",20,"Wankhede Stadium, Mumbai","Kolkata Knight Riders","Mumbai Indians","Mumbai Indians","NA","male"
"2nd.2.2","Mumbai Indians","RG Sharma","VG Arora","RD Rickelton",0,0,0,0,0,0,6,0,6,"nobody","not-out","nobody","0","0","0","0",2026-03-29,"T20",20,"Wankhede Stadium, Mumbai","Kolkata Knight Riders","Mumbai Indians","Mumbai Indians","NA","male"
"2nd.2.3","Mumbai Indians","RG Sharma","VG Arora","RD Rickelton",0,0,0,0,0,0,1,0,1,"nobody","not-out","nobody","0","0","0","0",2026-03-29,"T20",20,"Wankhede Stadium, Mumbai","Kolkata Knight Riders","Mumbai Indians","Mumbai Indians","NA","male"
"2nd.2.4","Mumbai Indians","RD Rickelton","VG Arora","RG Sharma",0,0,0,0,0,0,0,0,0,"nobody","not-out","nobody","0","0","0","0",2026-03-29,"T20",20,"Wankhede Stadium, Mumbai","Kolkata Knight Riders","Mumbai Indians","Mumbai Indians","NA","male"
"2nd.2.5","Mumbai Indians","RD Rickelton","VG Arora","RG Sharma",0,0,0,0,0,0,6,0,6,"nobody","not-out","nobody","0","0","0","0",2026-03-29,"T20",20,"Wankhede Stadium, Mumbai","Kolkata Knight Riders","Mumbai Indians","Mumbai Indians","NA","male"
"2nd.2.6","Mumbai Indians","RD Rickelton","VG Arora","RG Sharma",0,0,0,0,0,0,6,0,6,"nobody","not-out","nobody","0","0","0","0",2026-03-29,"T20",20,"Wankhede Stadium, Mumbai","Kolkata Knight Riders","Mumbai Indians","Mumbai Indians","NA","male"
"2nd.3.1","Mumbai Indians","RG Sharma","B Muzarabani","RD Rickelton",0,0,0,0,0,0,6,0,6,"nobody","not-out","nobody","0","0","0","0",2026-03-29,"T20",20,"Wankhede Stadium, Mumbai","Kolkata Knight Riders","Mumbai Indians","Mumbai Indians","NA","male"
"2nd.3.2","Mumbai Indians","RG Sharma","B Muzarabani","RD Rickelton",0,0,0,0,0,0,1,0,1,"nobody","not-out","nobody","0","0","0","0",2026-03-29,"T20",20,"Wankhede Stadium, Mumbai","Kolkata Knight Riders","Mumbai Indians","Mumbai Indians","NA","male"
"2nd.3.3","Mumbai Indians","RD Rickelton","B Muzarabani","RG Sharma",0,0,0,0,0,0,1,0,1,"nobody","not-out","nobody","0","0","0","0",2026-03-29,"T20",20,"Wankhede Stadium, Mumbai","Kolkata Knight Riders","Mumbai Indians","Mumbai Indians","NA","male"
"2nd.3.4","Mumbai Indians","RG Sharma","B Muzarabani","RD Rickelton",0,0,0,0,0,0,1,0,1,"nobody","not-out","nobody","0","0","0","0",2026-03-29,"T20",20,"Wankhede Stadium, Mumbai","Kolkata Knight Riders","Mumbai Indians","Mumbai Indians","NA","male"
"2nd.3.5","Mumbai Indians","RD Rickelton","B Muzarabani","RG Sharma",0,0,0,0,0,0,6,0,6,"nobody","not-out","nobody","0","0","0","0",2026-03-29,"T20",20,"Wankhede Stadium, Mumbai","Kolkata Knight Riders","Mumbai Indians","Mumbai Indians","NA","male"
"2nd.3.6","Mumbai Indians","RD Rickelton","B Muzarabani","RG Sharma",0,0,0,0,0,0,0,0,0,"nobody","not-out","nobody","0","0","0","0",2026-03-29,"T20",20,"Wankhede Stadium, Mumbai","Kolkata Knight Riders","Mumbai Indians","Mumbai Indians","NA","male"
"2nd.4.1","Mumbai Indians","RG Sharma","CV Varun","RD Rickelton",0,0,0,0,0,0,4,0,4,"nobody","not-out","nobody","0","0","0","0",2026-03-29,"T20",20,"Wankhede Stadium, Mumbai","Kolkata Knight Riders","Mumbai Indians","Mumbai Indians","NA","male"
"2nd.4.2","Mumbai Indians","RG Sharma","CV Varun","RD Rickelton",0,0,0,0,0,0,6,0,6,"nobody","not-out","nobody","0","0","0","0",2026-03-29,"T20",20,"Wankhede Stadium, Mumbai","Kolkata Knight Riders","Mumbai Indians","Mumbai Indians","NA","male"
"2nd.4.3","Mumbai Indians","RG Sharma","CV Varun","RD Rickelton",0,0,0,0,0,0,0,0,0,"nobody","not-out","nobody","0","0","0","0",2026-03-29,"T20",20,"Wankhede Stadium, Mumbai","Kolkata Knight Riders","Mumbai Indians","Mumbai Indians","NA","male"
"2nd.4.4","Mumbai Indians","RG Sharma","CV Varun","RD Rickelton",0,0,0,0,0,0,4,0,4,"nobody","not-out","nobody","0","0","0","0",2026-03-29,"T20",20,"Wankhede Stadium, Mumbai","Kolkata Knight Riders","Mumbai Indians","Mumbai Indians","NA","male"
"2nd.4.5","Mumbai Indians","RG Sharma","CV Varun","RD Rickelton",0,0,0,0,0,0,0,0,0,"nobody","not-out","nobody","0","0","0","0",2026-03-29,"T20",20,"Wankhede Stadium, Mumbai","Kolkata Knight Riders","Mumbai Indians","Mumbai Indians","NA","male"
"2nd.4.6","Mumbai Indians","RG Sharma","CV Varun","RD Rickelton",0,0,0,0,0,0,1,0,1,"nobody","not-out","nobody","0","0","0","0",2026-03-29,"T20",20,"Wankhede Stadium, Mumbai","Kolkata Knight Riders","Mumbai Indians","Mumbai Indians","NA","male"
"2nd.5.1","Mumbai Indians","RG Sharma","Kartik Tyagi","RD Rickelton",0,0,0,0,0,0,6,0,6,"nobody","not-out","nobody","0","0","0","0",2026-03-29,"T20",20,"Wankhede Stadium, Mumbai","Kolkata Knight Riders","Mumbai Indians","Mumbai Indians","NA","male"
"2nd.5.2","Mumbai Indians","RG Sharma","Kartik Tyagi","RD Rickelton",0,0,0,0,0,0,2,0,2,"nobody","not-out","nobody","0","0","0","0",2026-03-29,"T20",20,"Wankhede Stadium, Mumbai","Kolkata Knight Riders","Mumbai Indians","Mumbai Indians","NA","male"
"2nd.5.3","Mumbai Indians","RG Sharma","Kartik Tyagi","RD Rickelton",0,0,0,0,0,0,0,0,0,"nobody","not-out","nobody","0","0","0","0",2026-03-29,"T20",20,"Wankhede Stadium, Mumbai","Kolkata Knight Riders","Mumbai Indians","Mumbai Indians","NA","male"
"2nd.5.4","Mumbai Indians","RG Sharma","Kartik Tyagi","RD Rickelton",0,0,0,0,0,0,6,0,6,"nobody","not-out","nobody","0","0","0","0",2026-03-29,"T20",20,"Wankhede Stadium, Mumbai","Kolkata Knight Riders","Mumbai Indians","Mumbai Indians","NA","male"
"2nd.5.5","Mumbai Indians","RG Sharma","Kartik Tyagi","RD Rickelton",0,0,0,0,0,0,0,0,0,"nobody","not-out","nobody","0","0","0","0",2026-03-29,"T20",20,"Wankhede Stadium, Mumbai","Kolkata Knight Riders","Mumbai Indians","Mumbai Indians","NA","male"
"2nd.5.6","Mumbai Indians","RG Sharma","Kartik Tyagi","RD Rickelton",0,0,0,0,0,0,2,0,2,"nobody","not-out","nobody","0","0","0","0",2026-03-29,"T20",20,"Wankhede Stadium, Mumbai","Kolkata Knight Riders","Mumbai Indians","Mumbai Indians","NA","male"
"2nd.6.1","Mumbai Indians","RD Rickelton","SP Narine","RG Sharma",0,0,0,0,0,0,1,0,1,"nobody","not-out","nobody","0","0","0","0",2026-03-29,"T20",20,"Wankhede Stadium, Mumbai","Kolkata Knight Riders","Mumbai Indians","Mumbai Indians","NA","male"
"2nd.6.2","Mumbai Indians","RG Sharma","SP Narine","RD Rickelton",0,0,0,0,0,0,0,0,0,"nobody","not-out","nobody","0","0","0","0",2026-03-29,"T20",20,"Wankhede Stadium, Mumbai","Kolkata Knight Riders","Mumbai Indians","Mumbai Indians","NA","male"
"2nd.6.3","Mumbai Indians","RG Sharma","SP Narine","RD Rickelton",0,0,0,0,0,0,1,0,1,"nobody","not-out","nobody","0","0","0","0",2026-03-29,"T20",20,"Wankhede Stadium, Mumbai","Kolkata Knight Riders","Mumbai Indians","Mumbai Indians","NA","male"
"2nd.6.4","Mumbai Indians","RD Rickelton","SP Narine","RG Sharma",0,0,0,0,0,0,6,0,6,"nobody","not-out","nobody","0","0","0","0",2026-03-29,"T20",20,"Wankhede Stadium, Mumbai","Kolkata Knight Riders","Mumbai Indians","Mumbai Indians","NA","male"
"2nd.6.5","Mumbai Indians","RD Rickelton","SP Narine","RG Sharma",0,0,0,0,0,0,0,0,0,"nobody","not-out","nobody","0","0","0","0",2026-03-29,"T20",20,"Wankhede Stadium, Mumbai","Kolkata Knight Riders","Mumbai Indians","Mumbai Indians","NA","male"
"2nd.6.6","Mumbai Indians","RD Rickelton","SP Narine","RG Sharma",0,0,0,0,0,0,0,0,0,"nobody","not-out","nobody","0","0","0","0",2026-03-29,"T20",20,"Wankhede Stadium, Mumbai","Kolkata Knight Riders","Mumbai Indians","Mumbai Indians","NA","male"
"2nd.7.1","Mumbai Indians","RG Sharma","CV Varun","RD Rickelton",0,0,0,0,0,0,1,0,1,"nobody","not-out","nobody","0","0","0","0",2026-03-29,"T20",20,"Wankhede Stadium, Mumbai","Kolkata Knight Riders","Mumbai Indians","Mumbai Indians","NA","male"
"2nd.7.2","Mumbai Indians","RD Rickelton","CV Varun","RG Sharma",0,0,0,0,0,0,1,0,1,"nobody","not-out","nobody","0","0","0","0",2026-03-29,"T20",20,"Wankhede Stadium, Mumbai","Kolkata Knight Riders","Mumbai Indians","Mumbai Indians","NA","male"
"2nd.7.3","Mumbai Indians","RG Sharma","CV Varun","RD Rickelton",0,0,0,0,0,0,4,0,4,"nobody","not-out","nobody","0","0","0","0",2026-03-29,"T20",20,"Wankhede Stadium, Mumbai","Kolkata Knight Riders","Mumbai Indians","Mumbai Indians","NA","male"
"2nd.7.4","Mumbai Indians","RG Sharma","CV Varun","RD Rickelton",0,0,0,0,0,0,1,0,1,"nobody","not-out","nobody","0","0","0","0",2026-03-29,"T20",20,"Wankhede Stadium, Mumbai","Kolkata Knight Riders","Mumbai Indians","Mumbai Indians","NA","male"
"2nd.7.5","Mumbai Indians","RD Rickelton","CV Varun","RG Sharma",0,0,0,0,0,0,0,0,0,"nobody","not-out","nobody","0","0","0","0",2026-03-29,"T20",20,"Wankhede Stadium, Mumbai","Kolkata Knight Riders","Mumbai Indians","Mumbai Indians","NA","male"
"2nd.7.6","Mumbai Indians","RD Rickelton","CV Varun","RG Sharma",0,0,0,0,0,0,1,0,1,"nobody","not-out","nobody","0","0","0","0",2026-03-29,"T20",20,"Wankhede Stadium, Mumbai","Kolkata Knight Riders","Mumbai Indians","Mumbai Indians","NA","male"
"2nd.8.1","Mumbai Indians","RD Rickelton","SP Narine","RG Sharma",0,0,0,0,0,0,6,0,6,"nobody","not-out","nobody","0","0","0","0",2026-03-29,"T20",20,"Wankhede Stadium, Mumbai","Kolkata Knight Riders","Mumbai Indians","Mumbai Indians","NA","male"
"2nd.8.2","Mumbai Indians","RD Rickelton","SP Narine","RG Sharma",0,0,0,0,0,0,0,0,0,"nobody","not-out","nobody","0","0","0","0",2026-03-29,"T20",20,"Wankhede Stadium, Mumbai","Kolkata Knight Riders","Mumbai Indians","Mumbai Indians","NA","male"
"2nd.8.3","Mumbai Indians","RD Rickelton","SP Narine","RG Sharma",0,0,0,0,0,0,6,0,6,"nobody","not-out","nobody","0","0","0","0",2026-03-29,"T20",20,"Wankhede Stadium, Mumbai","Kolkata Knight Riders","Mumbai Indians","Mumbai Indians","NA","male"
"2nd.8.4","Mumbai Indians","RD Rickelton","SP Narine","RG Sharma",0,0,0,0,0,0,1,0,1,"nobody","not-out","nobody","0","0","0","0",2026-03-29,"T20",20,"Wankhede Stadium, Mumbai","Kolkata Knight Riders","Mumbai Indians","Mumbai Indians","NA","male"
"2nd.8.5","Mumbai Indians","RG Sharma","SP Narine","RD Rickelton",0,0,0,0,0,0,1,0,1,"nobody","not-out","nobody","0","0","0","0",2026-03-29,"T20",20,"Wankhede Stadium, Mumbai","Kolkata Knight Riders","Mumbai Indians","Mumbai Indians","NA","male"
"2nd.8.6","Mumbai Indians","RD Rickelton","SP Narine","RG Sharma",0,0,0,0,0,0,0,0,0,"nobody","not-out","nobody","0","0","0","0",2026-03-29,"T20",20,"Wankhede Stadium, Mumbai","Kolkata Knight Riders","Mumbai Indians","Mumbai Indians","NA","male"
"2nd.9.1","Mumbai Indians","RG Sharma","Kartik Tyagi","RD Rickelton",0,0,1,0,0,0,1,1,2,"nobody","not-out","nobody","0","0","0","0",2026-03-29,"T20",20,"Wankhede Stadium, Mumbai","Kolkata Knight Riders","Mumbai Indians","Mumbai Indians","NA","male"
"2nd.9.2","Mumbai Indians","RD Rickelton","Kartik Tyagi","RG Sharma",0,0,0,0,0,0,0,0,0,"nobody","not-out","nobody","0","0","0","0",2026-03-29,"T20",20,"Wankhede Stadium, Mumbai","Kolkata Knight Riders","Mumbai Indians","Mumbai Indians","NA","male"
"2nd.9.3","Mumbai Indians","RD Rickelton","Kartik Tyagi","RG Sharma",0,0,0,0,0,0,2,0,2,"nobody","not-out","nobody","0","0","0","0",2026-03-29,"T20",20,"Wankhede Stadium, Mumbai","Kolkata Knight Riders","Mumbai Indians","Mumbai Indians","NA","male"
"2nd.9.4","Mumbai Indians","RD Rickelton","Kartik Tyagi","RG Sharma",0,0,0,0,0,0,1,0,1,"nobody","not-out","nobody","0","0","0","0",2026-03-29,"T20",20,"Wankhede Stadium, Mumbai","Kolkata Knight Riders","Mumbai Indians","Mumbai Indians","NA","male"
"2nd.9.5","Mumbai Indians","RG Sharma","Kartik Tyagi","RD Rickelton",0,0,0,0,0,0,4,0,4,"nobody","not-out","nobody","0","0","0","0",2026-03-29,"T20",20,"Wankhede Stadium, Mumbai","Kolkata Knight Riders","Mumbai Indians","Mumbai Indians","NA","male"
"2nd.9.6","Mumbai Indians","RG Sharma","Kartik Tyagi","RD Rickelton",0,0,0,0,0,0,1,0,1,"nobody","not-out","nobody","0","0","0","0",2026-03-29,"T20",20,"Wankhede Stadium, Mumbai","Kolkata Knight Riders","Mumbai Indians","Mumbai Indians","NA","male"
"2nd.9.7","Mumbai Indians","RD Rickelton","Kartik Tyagi","RG Sharma",0,0,0,0,0,0,2,0,2,"nobody","not-out","nobody","0","0","0","0",2026-03-29,"T20",20,"Wankhede Stadium, Mumbai","Kolkata Knight Riders","Mumbai Indians","Mumbai Indians","NA","male"
"2nd.10.1","Mumbai Indians","RG Sharma","CV Varun","RD Rickelton",0,0,0,0,0,0,1,0,1,"nobody","not-out","nobody","0","0","0","0",2026-03-29,"T20",20,"Wankhede Stadium, Mumbai","Kolkata Knight Riders","Mumbai Indians","Mumbai Indians","NA","male"
"2nd.10.2","Mumbai Indians","RD Rickelton","CV Varun","RG Sharma",0,0,0,0,0,0,6,0,6,"nobody","not-out","nobody","0","0","0","0",2026-03-29,"T20",20,"Wankhede Stadium, Mumbai","Kolkata Knight Riders","Mumbai Indians","Mumbai Indians","NA","male"
"2nd.10.3","Mumbai Indians","RD Rickelton","CV Varun","RG Sharma",0,0,0,0,0,0,0,0,0,"nobody","not-out","nobody","0","0","0","0",2026-03-29,"T20",20,"Wankhede Stadium, Mumbai","Kolkata Knight Riders","Mumbai Indians","Mumbai Indians","NA","male"
"2nd.10.4","Mumbai Indians","RD Rickelton","CV Varun","RG Sharma",0,0,0,0,0,0,1,0,1,"nobody","not-out","nobody","0","0","0","0",2026-03-29,"T20",20,"Wankhede Stadium, Mumbai","Kolkata Knight Riders","Mumbai Indians","Mumbai Indians","NA","male"
"2nd.10.5","Mumbai Indians","RG Sharma","CV Varun","RD Rickelton",0,0,0,0,0,0,1,0,1,"nobody","not-out","nobody","0","0","0","0",2026-03-29,"T20",20,"Wankhede Stadium, Mumbai","Kolkata Knight Riders","Mumbai Indians","Mumbai Indians","NA","male"
"2nd.10.6","Mumbai Indians","RD Rickelton","CV Varun","RG Sharma",0,0,0,0,0,0,4,0,4,"nobody","not-out","nobody","0","0","0","0",2026-03-29,"T20",20,"Wankhede Stadium, Mumbai","Kolkata Knight Riders","Mumbai Indians","Mumbai Indians","NA","male"
"2nd.11.1","Mumbai Indians","RG Sharma","VG Arora","RD Rickelton",0,0,0,0,0,0,4,0,4,"nobody","not-out","nobody","0","0","0","0",2026-03-29,"T20",20,"Wankhede Stadium, Mumbai","Kolkata Knight Riders","Mumbai Indians","Mumbai Indians","NA","male"
"2nd.11.2","Mumbai Indians","RG Sharma","VG Arora","RD Rickelton",0,0,0,0,0,0,6,0,6,"nobody","not-out","nobody","0","0","0","0",2026-03-29,"T20",20,"Wankhede Stadium, Mumbai","Kolkata Knight Riders","Mumbai Indians","Mumbai Indians","NA","male"
"2nd.11.3","Mumbai Indians","RG Sharma","VG Arora","RD Rickelton",0,0,0,0,0,0,1,0,1,"nobody","not-out","nobody","0","0","0","0",2026-03-29,"T20",20,"Wankhede Stadium, Mumbai","Kolkata Knight Riders","Mumbai Indians","Mumbai Indians","NA","male"
"2nd.11.4","Mumbai Indians","RD Rickelton","VG Arora","RG Sharma",0,0,0,0,0,0,1,0,1,"nobody","not-out","nobody","0","0","0","0",2026-03-29,"T20",20,"Wankhede Stadium, Mumbai","Kolkata Knight Riders","Mumbai Indians","Mumbai Indians","NA","male"
"2nd.11.5","Mumbai Indians","RG Sharma","VG Arora","RD Rickelton",0,0,0,1,0,0,0,1,1,"nobody","not-out","nobody","0","0","0","0",2026-03-29,"T20",20,"Wankhede Stadium, Mumbai","Kolkata Knight Riders","Mumbai Indians","Mumbai Indians","NA","male"
"2nd.11.6","Mumbai Indians","RG Sharma","VG Arora","RD Rickelton",0,0,0,0,0,0,0,0,0,"AS Roy","caught","RG Sharma","0","0","0","0",2026-03-29,"T20",20,"Wankhede Stadium, Mumbai","Kolkata Knight Riders","Mumbai Indians","Mumbai Indians","NA","male"
"2nd.11.7","Mumbai Indians","SA Yadav","VG Arora","RD Rickelton",0,0,0,0,0,0,4,0,4,"nobody","not-out","nobody","SA Yadav","JJ Bumrah","impact_player","Mumbai Indians",2026-03-29,"T20",20,"Wankhede Stadium, Mumbai","Kolkata Knight Riders","Mumbai Indians","Mumbai Indians","NA","male"
"2nd.12.1","Mumbai Indians","RD Rickelton","AS Roy","SA Yadav",0,0,0,0,0,0,0,0,0,"nobody","not-out","nobody","0","0","0","0",2026-03-29,"T20",20,"Wankhede Stadium, Mumbai","Kolkata Knight Riders","Mumbai Indians","Mumbai Indians","NA","male"
"2nd.12.2","Mumbai Indians","RD Rickelton","AS Roy","SA Yadav",0,0,0,0,0,0,1,0,1,"nobody","not-out","nobody","0","0","0","0",2026-03-29,"T20",20,"Wankhede Stadium, Mumbai","Kolkata Knight Riders","Mumbai Indians","Mumbai Indians","NA","male"
"2nd.12.3","Mumbai Indians","SA Yadav","AS Roy","RD Rickelton",0,0,0,0,0,0,1,0,1,"nobody","not-out","nobody","0","0","0","0",2026-03-29,"T20",20,"Wankhede Stadium, Mumbai","Kolkata Knight Riders","Mumbai Indians","Mumbai Indians","NA","male"
"2nd.12.4","Mumbai Indians","RD Rickelton","AS Roy","SA Yadav",0,0,0,0,0,0,1,0,1,"nobody","not-out","nobody","0","0","0","0",2026-03-29,"T20",20,"Wankhede Stadium, Mumbai","Kolkata Knight Riders","Mumbai Indians","Mumbai Indians","NA","male"
"2nd.12.5","Mumbai Indians","SA Yadav","AS Roy","RD Rickelton",0,0,0,1,0,0,0,1,1,"nobody","not-out","nobody","0","0","0","0",2026-03-29,"T20",20,"Wankhede Stadium, Mumbai","Kolkata Knight Riders","Mumbai Indians","Mumbai Indians","NA","male"
"2nd.12.6","Mumbai Indians","SA Yadav","AS Roy","RD Rickelton",0,0,0,0,0,0,1,0,1,"nobody","not-out","nobody","0","0","0","0",2026-03-29,"T20",20,"Wankhede Stadium, Mumbai","Kolkata Knight Riders","Mumbai Indians","Mumbai Indians","NA","male"
"2nd.12.7","Mumbai Indians","RD Rickelton","AS Roy","SA Yadav",0,0,0,0,0,0,6,0,6,"nobody","not-out","nobody","0","0","0","0",2026-03-29,"T20",20,"Wankhede Stadium, Mumbai","Kolkata Knight Riders","Mumbai Indians","Mumbai Indians","NA","male"
"2nd.13.1","Mumbai Indians","SA Yadav","CV Varun","RD Rickelton",0,0,0,0,0,0,4,0,4,"nobody","not-out","nobody","0","0","0","0",2026-03-29,"T20",20,"Wankhede Stadium, Mumbai","Kolkata Knight Riders","Mumbai Indians","Mumbai Indians","NA","male"
"2nd.13.2","Mumbai Indians","SA Yadav","CV Varun","RD Rickelton",0,0,0,0,0,0,1,0,1,"nobody","not-out","nobody","0","0","0","0",2026-03-29,"T20",20,"Wankhede Stadium, Mumbai","Kolkata Knight Riders","Mumbai Indians","Mumbai Indians","NA","male"
"2nd.13.3","Mumbai Indians","RD Rickelton","CV Varun","SA Yadav",0,0,0,0,0,0,1,0,1,"nobody","not-out","nobody","0","0","0","0",2026-03-29,"T20",20,"Wankhede Stadium, Mumbai","Kolkata Knight Riders","Mumbai Indians","Mumbai Indians","NA","male"
"2nd.13.4","Mumbai Indians","SA Yadav","CV Varun","RD Rickelton",0,0,0,0,0,0,1,0,1,"nobody","not-out","nobody","0","0","0","0",2026-03-29,"T20",20,"Wankhede Stadium, Mumbai","Kolkata Knight Riders","Mumbai Indians","Mumbai Indians","NA","male"
"2nd.13.5","Mumbai Indians","RD Rickelton","CV Varun","SA Yadav",0,0,0,1,0,0,0,1,1,"nobody","not-out","nobody","0","0","0","0",2026-03-29,"T20",20,"Wankhede Stadium, Mumbai","Kolkata Knight Riders","Mumbai Indians","Mumbai Indians","NA","male"
"2nd.13.6","Mumbai Indians","RD Rickelton","CV Varun","SA Yadav",0,0,0,0,0,0,0,0,0,"nobody","not-out","nobody","0","0","0","0",2026-03-29,"T20",20,"Wankhede Stadium, Mumbai","Kolkata Knight Riders","Mumbai Indians","Mumbai Indians","NA","male"
"2nd.13.7","Mumbai Indians","RD Rickelton","CV Varun","SA Yadav",0,0,0,0,0,0,4,0,4,"nobody","not-out","nobody","0","0","0","0",2026-03-29,"T20",20,"Wankhede Stadium, Mumbai","Kolkata Knight Riders","Mumbai Indians","Mumbai Indians","NA","male"
"2nd.14.1","Mumbai Indians","SA Yadav","Kartik Tyagi","RD Rickelton",0,0,0,0,0,0,4,0,4,"nobody","not-out","nobody","0","0","0","0",2026-03-29,"T20",20,"Wankhede Stadium, Mumbai","Kolkata Knight Riders","Mumbai Indians","Mumbai Indians","NA","male"
"2nd.14.2","Mumbai Indians","SA Yadav","Kartik Tyagi","RD Rickelton",0,0,0,0,0,0,0,0,0,"RK Singh","caught","SA Yadav","0","0","0","0",2026-03-29,"T20",20,"Wankhede Stadium, Mumbai","Kolkata Knight Riders","Mumbai Indians","Mumbai Indians","NA","male"
"2nd.14.3","Mumbai Indians","Tilak Varma","Kartik Tyagi","RD Rickelton",0,0,0,0,0,0,4,0,4,"nobody","not-out","nobody","0","0","0","0",2026-03-29,"T20",20,"Wankhede Stadium, Mumbai","Kolkata Knight Riders","Mumbai Indians","Mumbai Indians","NA","male"
"2nd.14.4","Mumbai Indians","Tilak Varma","Kartik Tyagi","RD Rickelton",0,0,0,0,0,0,0,0,0,"nobody","not-out","nobody","0","0","0","0",2026-03-29,"T20",20,"Wankhede Stadium, Mumbai","Kolkata Knight Riders","Mumbai Indians","Mumbai Indians","NA","male"
"2nd.14.5","Mumbai Indians","Tilak Varma","Kartik Tyagi","RD Rickelton",0,0,0,0,0,0,0,0,0,"nobody","not-out","nobody","0","0","0","0",2026-03-29,"T20",20,"Wankhede Stadium, Mumbai","Kolkata Knight Riders","Mumbai Indians","Mumbai Indians","NA","male"
"2nd.14.6","Mumbai Indians","Tilak Varma","Kartik Tyagi","RD Rickelton",0,0,0,0,0,0,0,0,0,"nobody","not-out","nobody","0","0","0","0",2026-03-29,"T20",20,"Wankhede Stadium, Mumbai","Kolkata Knight Riders","Mumbai Indians","Mumbai Indians","NA","male"
"2nd.15.1","Mumbai Indians","RD Rickelton","B Muzarabani","Tilak Varma",0,0,0,0,0,0,0,0,0,"nobody","not-out","nobody","0","0","0","0",2026-03-29,"T20",20,"Wankhede Stadium, Mumbai","Kolkata Knight Riders","Mumbai Indians","Mumbai Indians","NA","male"
"2nd.15.2","Mumbai Indians","RD Rickelton","B Muzarabani","Tilak Varma",0,0,0,0,0,0,1,0,1,"AS Roy","run out","RD Rickelton","0","0","0","0",2026-03-29,"T20",20,"Wankhede Stadium, Mumbai","Kolkata Knight Riders","Mumbai Indians","Mumbai Indians","NA","male"
"2nd.15.3","Mumbai Indians","Tilak Varma","B Muzarabani","HH Pandya",0,0,0,0,0,0,1,0,1,"nobody","not-out","nobody","0","0","0","0",2026-03-29,"T20",20,"Wankhede Stadium, Mumbai","Kolkata Knight Riders","Mumbai Indians","Mumbai Indians","NA","male"
"2nd.15.4","Mumbai Indians","HH Pandya","B Muzarabani","Tilak Varma",0,0,0,0,0,0,4,0,4,"nobody","not-out","nobody","0","0","0","0",2026-03-29,"T20",20,"Wankhede Stadium, Mumbai","Kolkata Knight Riders","Mumbai Indians","Mumbai Indians","NA","male"
"2nd.15.5","Mumbai Indians","HH Pandya","B Muzarabani","Tilak Varma",0,0,0,0,0,0,4,0,4,"nobody","not-out","nobody","0","0","0","0",2026-03-29,"T20",20,"Wankhede Stadium, Mumbai","Kolkata Knight Riders","Mumbai Indians","Mumbai Indians","NA","male"
"2nd.15.6","Mumbai Indians","HH Pandya","B Muzarabani","Tilak Varma",0,0,0,0,0,0,0,0,0,"nobody","not-out","nobody","0","0","0","0",2026-03-29,"T20",20,"Wankhede Stadium, Mumbai","Kolkata Knight Riders","Mumbai Indians","Mumbai Indians","NA","male"
"2nd.16.1","Mumbai Indians","Tilak Varma","Kartik Tyagi","HH Pandya",0,0,0,0,0,0,1,0,1,"nobody","not-out","nobody","0","0","0","0",2026-03-29,"T20",20,"Wankhede Stadium, Mumbai","Kolkata Knight Riders","Mumbai Indians","Mumbai Indians","NA","male"
"2nd.16.2","Mumbai Indians","HH Pandya","Kartik Tyagi","Tilak Varma",0,0,0,0,0,0,1,0,1,"nobody","not-out","nobody","0","0","0","0",2026-03-29,"T20",20,"Wankhede Stadium, Mumbai","Kolkata Knight Riders","Mumbai Indians","Mumbai Indians","NA","male"
"2nd.16.3","Mumbai Indians","Tilak Varma","Kartik Tyagi","HH Pandya",0,0,0,0,0,0,0,0,0,"nobody","not-out","nobody","0","0","0","0",2026-03-29,"T20",20,"Wankhede Stadium, Mumbai","Kolkata Knight Riders","Mumbai Indians","Mumbai Indians","NA","male"
"2nd.16.4","Mumbai Indians","Tilak Varma","Kartik Tyagi","HH Pandya",0,1,0,0,0,0,0,1,1,"nobody","not-out","nobody","0","0","0","0",2026-03-29,"T20",20,"Wankhede Stadium, Mumbai","Kolkata Knight Riders","Mumbai Indians","Mumbai Indians","NA","male"
"2nd.16.5","Mumbai Indians","HH Pandya","Kartik Tyagi","Tilak Varma",0,0,0,0,0,0,1,0,1,"nobody","not-out","nobody","0","0","0","0",2026-03-29,"T20",20,"Wankhede Stadium, Mumbai","Kolkata Knight Riders","Mumbai Indians","Mumbai Indians","NA","male"
"2nd.16.6","Mumbai Indians","Tilak Varma","Kartik Tyagi","HH Pandya",0,0,0,0,0,0,4,0,4,"nobody","not-out","nobody","0","0","0","0",2026-03-29,"T20",20,"Wankhede Stadium, Mumbai","Kolkata Knight Riders","Mumbai Indians","Mumbai Indians","NA","male"
"2nd.17.1","Mumbai Indians","HH Pandya","VG Arora","Tilak Varma",0,0,0,0,0,0,0,0,0,"nobody","not-out","nobody","0","0","0","0",2026-03-29,"T20",20,"Wankhede Stadium, Mumbai","Kolkata Knight Riders","Mumbai Indians","Mumbai Indians","NA","male"
"2nd.17.2","Mumbai Indians","HH Pandya","VG Arora","Tilak Varma",0,0,0,0,0,0,1,0,1,"nobody","not-out","nobody","0","0","0","0",2026-03-29,"T20",20,"Wankhede Stadium, Mumbai","Kolkata Knight Riders","Mumbai Indians","Mumbai Indians","NA","male"
"2nd.17.3","Mumbai Indians","Tilak Varma","VG Arora","HH Pandya",0,0,0,0,0,0,4,0,4,"nobody","not-out","nobody","0","0","0","0",2026-03-29,"T20",20,"Wankhede Stadium, Mumbai","Kolkata Knight Riders","Mumbai Indians","Mumbai Indians","NA","male"
"2nd.17.4","Mumbai Indians","Tilak Varma","VG Arora","HH Pandya",0,0,0,0,0,0,1,0,1,"nobody","not-out","nobody","0","0","0","0",2026-03-29,"T20",20,"Wankhede Stadium, Mumbai","Kolkata Knight Riders","Mumbai Indians","Mumbai Indians","NA","male"
"2nd.17.5","Mumbai Indians","HH Pandya","VG Arora","Tilak Varma",0,0,0,0,0,0,1,0,1,"nobody","not-out","nobody","0","0","0","0",2026-03-29,"T20",20,"Wankhede Stadium, Mumbai","Kolkata Knight Riders","Mumbai Indians","Mumbai Indians","NA","male"
"2nd.17.6","Mumbai Indians","Tilak Varma","VG Arora","HH Pandya",0,0,0,0,0,0,4,0,4,"nobody","not-out","nobody","0","0","0","0",2026-03-29,"T20",20,"Wankhede Stadium, Mumbai","Kolkata Knight Riders","Mumbai Indians","Mumbai Indians","NA","male"
"2nd.18.1","Mumbai Indians","HH Pandya","SP Narine","Tilak Varma",0,0,0,0,0,0,1,0,1,"nobody","not-out","nobody","0","0","0","0",2026-03-29,"T20",20,"Wankhede Stadium, Mumbai","Kolkata Knight Riders","Mumbai Indians","Mumbai Indians","NA","male"
"2nd.18.2","Mumbai Indians","Tilak Varma","SP Narine","HH Pandya",0,0,0,0,0,0,1,0,1,"nobody","not-out","nobody","0","0","0","0",2026-03-29,"T20",20,"Wankhede Stadium, Mumbai","Kolkata Knight Riders","Mumbai Indians","Mumbai Indians","NA","male"
"2nd.18.3","Mumbai Indians","HH Pandya","SP Narine","Tilak Varma",0,0,0,0,0,0,1,0,1,"nobody","not-out","nobody","0","0","0","0",2026-03-29,"T20",20,"Wankhede Stadium, Mumbai","Kolkata Knight Riders","Mumbai Indians","Mumbai Indians","NA","male"
"2nd.18.4","Mumbai Indians","Tilak Varma","SP Narine","HH Pandya",0,0,0,0,0,0,0,0,0,"MK Pandey (sub)","caught","Tilak Varma","0","0","0","0",2026-03-29,"T20",20,"Wankhede Stadium, Mumbai","Kolkata Knight Riders","Mumbai Indians","Mumbai Indians","NA","male"
"2nd.18.5","Mumbai Indians","Naman Dhir","SP Narine","HH Pandya",0,0,0,0,0,0,1,0,1,"nobody","not-out","nobody","0","0","0","0",2026-03-29,"T20",20,"Wankhede Stadium, Mumbai","Kolkata Knight Riders","Mumbai Indians","Mumbai Indians","NA","male"
"2nd.18.6","Mumbai Indians","HH Pandya","SP Narine","Naman Dhir",0,0,0,0,0,0,4,0,4,"nobody","not-out","nobody","0","0","0","0",2026-03-29,"T20",20,"Wankhede Stadium, Mumbai","Kolkata Knight Riders","Mumbai Indians","Mumbai Indians","NA","male"
"2nd.19.1","Mumbai Indians","Naman Dhir","AS Roy","HH Pandya",0,0,0,0,0,0,4,0,4,"nobody","not-out","nobody","0","0","0","0",2026-03-29,"T20",20,"Wankhede Stadium, Mumbai","Kolkata Knight Riders","Mumbai Indians","Mumbai Indians","NA","male"
